<?xml version = '1.0' encoding = 'UTF-8'?>
<oracle-webservice-clients xmlns:ns2="http://java.sun.com/xml/ns/javaee">
   <webservice-client>
      <service-qname localpart="PNA_PCEHR_updateNominatedRepresentativeWS" namespaceURI="http://pd.pna.ws.pcehr.au/"/>
      <port-info>
         <wsdl-port localpart="PNA_PCEHR_updateNominatedRepresentativePort" namespaceURI="http://pd.pna.ws.pcehr.au/"/>
         <runtime/>
         <operations>
            <operation name="pdUpdateNominatedRepresentative"/>
         </operations>
      </port-info>
   </webservice-client>
</oracle-webservice-clients>
