<jaxws:bindings xmlns:xsd="http://www.w3.org/2001/XMLSchema"
	xmlns:wsdl="http://schemas.xmlsoap.org/wsdl/" wsdlLocation="../src/main/resources/wsdl/Internal/INT_SearchIHI.wsdl"
	xmlns="http://java.sun.com/xml/ns/jaxws" xmlns:jxb="http://java.sun.com/xml/ns/jaxb"
	xmlns:jaxws="http://java.sun.com/xml/ns/jaxws">

	<jaxws:enableWrapperStyle>false</jaxws:enableWrapperStyle>
	<jaxws:bindings>
		<jxb:bindings
			node="xs:complexType[@name='SearchIHI']//xs:element[@name='individual']">
			<jxb:property name="individualReq" />
		</jxb:bindings>
		<jxb:bindings
			node="xs:complexType[@name='SearchIHIResponse']//xs:element[@name='individual']">
			<jxb:property name="individualResp" />
		</jxb:bindings>
	</jaxws:bindings>
</jaxws:bindings>