<?xml version="1.0" encoding="UTF-8"?>
<beans xmlns="http://www.springframework.org/schema/beans" 
        xmlns:xsi="http://www.w3.org/2001/XMLSchema-instance"
       xmlns:p="http://www.springframework.org/schema/p" 
       xmlns:context="http://www.springframework.org/schema/context"
       xmlns:mvc="http://www.springframework.org/schema/mvc"
       xsi:schemaLocation="http://www.springframework.org/schema/beans  http://www.springframework.org/schema/beans/spring-beans-3.0.xsd 
       http://www.springframework.org/schema/mvc  http://www.springframework.org/schema/mvc/spring-mvc-3.0.xsd 
       http://www.springframework.org/schema/context  http://www.springframework.org/schema/context/spring-context-3.0.xsd">
     <bean id="reactivateAuthRepValidaor" class="au.gov.doha.pcehr.recovery.validation.ReactivateAuthRepValidaor"/>
   <bean id="documnetRemovalValidator" class="au.gov.doha.pcehr.recovery.validation.DocumnetRemovalValidator"/>
   <bean id="pnaStatuActiveInactiveValidaor" class="au.gov.doha.pcehr.recovery.validation.PNAStatuActiveInactiveValidator"/>
   <bean id="artExtractionValidator" class="au.gov.doha.pcehr.recovery.validation.ARTExtractionValidator"/>
   <bean id="emergencyAccessExpiryValidator" class="au.gov.doha.pcehr.recovery.validation.EmergencyAccessExpiryValidator"/>
   <bean id="aRRestrictionsValidator" class="au.gov.doha.pcehr.recovery.validation.ARRestrictionsValidator"/> 
   <bean id="dateTimeUtil" class="au.gov.doha.pcehr.recovery.util.DateTimeUtil"/> 
   <bean id="documentTransformationValidator" class="au.gov.doha.pcehr.recovery.validation.DocumentTransformationValidator"/> 
   <bean id="auditEntryMissingValidator" class="au.gov.doha.pcehr.recovery.validation.AuditEntryMissingValidator"/>
   <bean id="cleanRecordValidator" class="au.gov.doha.pcehr.recovery.validation.CleanRecordValidator"/> 
<bean id="configureEndpointsValidator" class="au.gov.doha.pcehr.recovery.validation.ConfigureEndpointsValidator"/> 
<bean id="identityRecordRemovalValidator" class="au.gov.doha.pcehr.recovery.validation.IdentityRecordRemovalValidator"/>
</beans>