<?xml version="1.0" encoding="windows-1252" ?>
<beans:beans xmlns="http://www.springframework.org/schema/security"
	xmlns:beans="http://www.springframework.org/schema/beans" xmlns:xsi="http://www.w3.org/2001/XMLSchema-instance"
	xsi:schemaLocation="http://www.springframework.org/schema/beans 
						http://www.springframework.org/schema/beans/spring-beans.xsd
						http://www.springframework.org/schema/security 
						http://www.springframework.org/schema/security/spring-security.xsd">
                                          <!-- *******************Web/HTTP Security**************************** -->
          <debug/>                      
          

	<global-method-security secured-annotations="enabled">
	</global-method-security>
	
<http pattern="/images/**" security="none"/>
<http pattern="/js/**" security="none"/>
<http pattern="/css/**" security="none"/>


<http pattern="/NIO/images/**" security="none"/>
<http pattern="/NIO/js/**" security="none"/>
<http pattern="/NIO/css/**" security="none"/>

	<http use-expressions="true" request-matcher ="regex" entry-point-ref="preAuthenticatedProcessingFilterEntryPoint">
		
                <!--<intercept-url pattern="/images/DHAlogo.png" access="hasAnyRole('ROLE_USER','ROLE_ADMIN','ROLE_ANONYMOUS','ROLE_OPERATOR')"  />
                <intercept-url pattern="/css/style.css" access="hasAnyRole('ROLE_USER','ROLE_ADMIN','ROLE_ANONYMOUS','ROLE_OPERATOR')"  />-->
                <intercept-url pattern="/Login" access="hasAnyRole('ROLE_USER','ROLE_ADMIN','ROLE_ANONYMOUS','ROLE_OPERATOR')" />
                <intercept-url pattern="/NIO/*" access="hasAnyRole('ROLE_USER','ROLE_ADMIN','ROLE_OPERATOR')"/>
                <!--<form-login login-page='/Login' default-target-url='/OperationMenu'/>-->
                <custom-filter ref="autoLoginFilter" position="PRE_AUTH_FILTER" />
                
                <!--<session-management session-fixation-protection="none" invalid-session-url="/NIO/logout" >
                --><!--<concurrency-control max-sessions="1" error-if-maximum-exceeded="true" />--><!--
                </session-management>-->
                <logout logout-url="/NIO/logout" delete-cookies="JSESSIONID" invalidate-session="true"/> 

                <headers>
                    <cache-control />
                    <frame-options policy="DENY"/>
                </headers>
                <csrf disabled="true"/>
	</http>
	<!--AUTHENTICATION ENTRY POINT - always return HTTP 403 Error as it always expect pre-authenticated request -->
	<beans:bean id="preAuthenticatedProcessingFilterEntryPoint"
		class="org.springframework.security.web.authentication.Http403ForbiddenEntryPoint" />


    	<beans:bean id="autoLoginFilter" class="au.gov.doha.pcehr.recovery.security.AutoLoginFilter">
		<beans:property name="authenticationManager" ref="authenticationManager" />
        </beans:bean>


	<authentication-manager alias="authenticationManager" >
		<authentication-provider ref="preauthAuthProvider" ></authentication-provider>
		
	</authentication-manager>
	<beans:bean id="preauthAuthProvider"
		class="org.springframework.security.web.authentication.preauth.PreAuthenticatedAuthenticationProvider">
		<beans:property name="preAuthenticatedUserDetailsService">
                <beans:bean class="au.gov.doha.pcehr.recovery.security.NIOAuthenticationUserDetailsService"></beans:bean>  
		</beans:property>
		<beans:property name="order" value="1"/>
	</beans:bean>	     
</beans:beans>