<?xml version = '1.0' encoding = 'UTF-8'?>
<weblogic-web-app xmlns:xsi="http://www.w3.org/2001/XMLSchema-instance"
                  xsi:schemaLocation="http://java.sun.com/xml/ns/javaee http://java.sun.com/xml/ns/javaee/ejb-jar_3_0.xsd http://xmlns.oracle.com/weblogic/weblogic-web-app http://xmlns.oracle.com/weblogic/weblogic-web-app/1.2/weblogic-web-app.xsd"
                  xmlns="http://xmlns.oracle.com/weblogic/weblogic-web-app http://www.bea.com/ns/weblogic/90">
    <weblogic-version>10.3.5</weblogic-version>
    <!--<session-descriptor>
        <sharing-enabled>true</sharing-enabled>
        <cookie-secure>true</cookie-secure>
        <cookie-http-only>true</cookie-http-only> 
        <url-rewriting-enabled>false</url-rewriting-enabled>
    </session-descriptor>-->
    <container-descriptor>
        <show-archived-real-path-enabled>true</show-archived-real-path-enabled>
        <prefer-application-packages>
            <package-name>org.slf4j.*</package-name>
            <package-name>org.springframework.*</package-name>
              <package-name>org.apache.poi.*</package-name>
        </prefer-application-packages>
    </container-descriptor>
        <context-root>NIOOpsTool</context-root>
    
    <!--The security-role-assignment element declares a mapping between a Web application security role and
    one or more principals in WebLogic Server, as shown in the following example.-->
    <security-role-assignment>
        <role-name>admin_role</role-name>
        <principal-name>users</principal-name>
    </security-role-assignment>
</weblogic-web-app>

