<?xml version = '1.0' encoding = 'UTF-8'?>
<oracle-webservice-clients xmlns:ns1="http://java.sun.com/xml/ns/javaee">
   <webservice-client>
      <service-qname namespaceURI="http://ns.electronichealth.net.au/pcehr/svc/intRegisterPCEHR/2.0"
                     localpart="registerPCEHRService"/>
      <port-info>
         <wsdl-port namespaceURI="http://ns.electronichealth.net.au/pcehr/svc/intRegisterPCEHR/2.0"
                    localpart="registerPCEHRSOAP12Port"/>
         <runtime/>
         <policy-references>
            <policy-reference category="addressing" uri="oracle/wsaddr_policy"/>
         </policy-references>
         <operations>
            <operation name="registerPCEHR"/>
         </operations>
      </port-info>
   </webservice-client>
</oracle-webservice-clients>
