<?xml version="1.0" encoding="UTF-8"?>
<jxb:bindings xmlns:xsd="http://www.w3.org/2001/XMLSchema"
	xmlns:jxb="http://java.sun.com/xml/ns/jaxb" version="2.1">
	<jxb:bindings schemaLocation="../PNACommon.xsd">
		<jxb:bindings
			node="//xsd:simpleType[@name='authRepRelationshipTypeID']/xsd:restriction/xsd:enumeration[@value='18 and Over - Legal Authority']">
			<jxb:typesafeEnumMember name="EIGHTEEN_AND_OVER_LEGAL_AUTHORITY" />
		</jxb:bindings>
		<jxb:bindings
			node="//xsd:simpleType[@name='authRepRelationshipTypeID']/xsd:restriction/xsd:enumeration[@value='18 and Over - Otherwise Appropriate Person']">
			<jxb:typesafeEnumMember name="EIGHTEEN_AND_OVER_OTHERWISE_APPROPRIATE_PERSON" />
		</jxb:bindings>
		<jxb:bindings
			node="//xsd:simpleType[@name='relationshipType']/xsd:restriction/xsd:enumeration[@value='18 and Over - Legal Authority']">
			<jxb:typesafeEnumMember name="EIGHTEEN_AND_OVER_LEGAL_AUTHORITY" />
		</jxb:bindings>
		<jxb:bindings
			node="//xsd:simpleType[@name='relationshipType']/xsd:restriction/xsd:enumeration[@value='18 and Over - Otherwise Appropriate Person']">
			<jxb:typesafeEnumMember name="EIGHTEEN_AND_OVER_OTHERWISE_APPROPRIATE_PERSON" />
		</jxb:bindings>
		<jxb:bindings
			node="//xsd:simpleType[@name='RepresentativeTypeVal']/xsd:restriction/xsd:enumeration[@value='18 and Over - Legal Authority']">
			<jxb:typesafeEnumMember name="EIGHTEEN_AND_OVER_LEGAL_AUTHORITY" />
		</jxb:bindings>
		<jxb:bindings
			node="//xsd:simpleType[@name='RepresentativeTypeVal']/xsd:restriction/xsd:enumeration[@value='18 and Over - Otherwise Appropriate Person']">
			<jxb:typesafeEnumMember name="EIGHTEEN_AND_OVER_OTHERWISE_APPROPRIATE_PERSON" />
		</jxb:bindings>
	</jxb:bindings>
</jxb:bindings>