<?xml version="1.0" encoding="UTF-8"?>
<beans xmlns="http://www.springframework.org/schema/beans" xmlns:xsi="http://www.w3.org/2001/XMLSchema-instance"
       xmlns:context="http://www.springframework.org/schema/context"
       xmlns:mvc="http://www.springframework.org/schema/mvc" xmlns:jee="http://www.springframework.org/schema/jee"
       xmlns:tx="http://www.springframework.org/schema/tx"
       xsi:schemaLocation="http://www.springframework.org/schema/beans  http://www.springframework.org/schema/beans/spring-beans-3.0.xsd         http://www.springframework.org/schema/mvc  http://www.springframework.org/schema/mvc/spring-mvc-3.0.xsd          http://www.springframework.org/schema/context  http://www.springframework.org/schema/context/spring-context-3.0.xsd         http://www.springframework.org/schema/jee http://www.springframework.org/schema/jee/spring-jee-2.0.xsd        http://www.springframework.org/schema/tx http://www.springframework.org/schema/tx/spring-tx-2.0.xsd">
    <context:property-placeholder location="file:${user.dir}${file.separator}Configuration${file.separator}EndPoints.properties,classpath:Resources/properties/SQL.properties,file:${user.dir}${file.separator}Configuration${file.separator}DLQConfigurationProp.properties, classpath:Resources/properties/messages_en_US.properties" /> 
    <bean id="applicationProperties" class="org.springframework.beans.factory.config.PropertiesFactoryBean">
        <property name="properties">
                <props>
                        <prop key="NIOOPSTool.Product_Version">${Product_Version}</prop>
                </props>    
        </property>
    </bean>
    
    <jee:jndi-lookup id="pnaDataSource" jndi-name="${WebLogic_Jndi_Name_PNA}"/>
    <jee:jndi-lookup id="osbBulkRegDataSource" jndi-name="${WebLogic_Jndi_Name_OSB_BULK_REG}"/>
    <jee:jndi-lookup id="rlsDataSource" jndi-name="${WebLogic_Jndi_Name_RLS}"/>
    <jee:jndi-lookup id="osbDataSource" jndi-name="${WebLogic_Jndi_Name_OSB}"/>
    <jee:jndi-lookup id="htbDataSource" jndi-name="${WebLogic_Jndi_Name_HTB}"/>
    <jee:jndi-lookup id="oimDataSource" jndi-name="${WebLogic_Jndi_Name_OIM}"/>
    <bean id="pnaJDBCTemplate" class="org.springframework.jdbc.core.JdbcTemplate">
        <property name="dataSource" ref="pnaDataSource"/>
    </bean>
    <bean id="osbBulkRegJdbcTemplate" class="org.springframework.jdbc.core.JdbcTemplate">
        <property name="dataSource" ref="osbBulkRegDataSource"/>
    </bean>
    <bean id="osbBulkRegNamedParameterJdbcTemplate" class="org.springframework.jdbc.core.namedparam.NamedParameterJdbcTemplate">
      <constructor-arg ref="osbBulkRegDataSource"/>
    </bean>
    <bean id="pnaNamedParameterJdbcTemplate"
          class="org.springframework.jdbc.core.namedparam.NamedParameterJdbcTemplate">
        <constructor-arg ref="pnaDataSource"/>
    </bean>
    <bean id="oimJDBCTemplate" class="org.springframework.jdbc.core.JdbcTemplate">
        <property name="dataSource" ref="oimDataSource"/>
    </bean>
    <bean id="rlsJDBCTemplate" class="org.springframework.jdbc.core.JdbcTemplate">
        <property name="dataSource" ref="rlsDataSource"/>
    </bean>
    <bean id="rlsNamedParameterJdbcTemplate"
          class="org.springframework.jdbc.core.namedparam.NamedParameterJdbcTemplate">
        <constructor-arg ref="rlsDataSource"/>
    </bean>
    
    <bean id="htbJDBCTemplate" class="org.springframework.jdbc.core.JdbcTemplate">
        <property name="dataSource" ref="htbDataSource"/>
    </bean>
    <bean id="htbNamedParameterJdbcTemplate"
          class="org.springframework.jdbc.core.namedparam.NamedParameterJdbcTemplate">
        <constructor-arg ref="htbDataSource"/>
    </bean>
    
     <bean id="osbJDBCTemplate" class="org.springframework.jdbc.core.JdbcTemplate">
        <property name="dataSource" ref="osbDataSource"/>
    </bean>
    <bean id="osbNamedParameterJdbcTemplate"
          class="org.springframework.jdbc.core.namedparam.NamedParameterJdbcTemplate">
        <constructor-arg ref="osbDataSource"/>
    </bean>
    <bean id="ReactiveAuthRepDAO" class="au.gov.doha.pcehr.recovery.dao.ReactiveAuthRepDAO"/>
    <bean id="DocumentTransformationDAO" class="au.gov.doha.pcehr.recovery.dao.DocumentTransformationDAO"/>
</beans>