<?xml version="1.0" encoding="UTF-8"?>
<beans xmlns="http://www.springframework.org/schema/beans" 
        xmlns:xsi="http://www.w3.org/2001/XMLSchema-instance"
       xmlns:p="http://www.springframework.org/schema/p" 
       xmlns:context="http://www.springframework.org/schema/context"
       xmlns:mvc="http://www.springframework.org/schema/mvc"
       xmlns:aop="http://www.springframework.org/schema/aop"
       xsi:schemaLocation="http://www.springframework.org/schema/beans  http://www.springframework.org/schema/beans/spring-beans-3.0.xsd 
       http://www.springframework.org/schema/mvc  http://www.springframework.org/schema/mvc/spring-mvc-3.0.xsd 
       http://www.springframework.org/schema/context  http://www.springframework.org/schema/context/spring-context-3.0.xsd
       http://www.springframework.org/schema/aop http://www.springframework.org/schema/aop/spring-aop.xsd">
    <aop:aspectj-autoproxy/>
    <aop:config proxy-target-class="true" /> 
    <mvc:annotation-driven />
    <context:component-scan base-package="au.gov.doha.pcehr.recovery"/>
    
    <mvc:resources mapping="/images/**" location="/images/" />
    <mvc:resources mapping="/css/**" location="/css/" />
    <mvc:resources mapping="/js/**" location="/js/" /> 
    
      <bean class="org.springframework.context.support.ResourceBundleMessageSource"
		id="messageSource">
		<property name="basename" value="Resources/properties/messages" />
      </bean>
    <bean id="multipartResolver"
        class="org.springframework.web.multipart.commons.CommonsMultipartResolver">
        <!-- one of the properties available; the maximum file size in bytes -->
        <property name="maxUploadSize">
            <value>100000</value>
        </property>
    </bean>
    <bean id="viewResolver" class="org.springframework.web.servlet.view.UrlBasedViewResolver">
        <property name="viewClass" value="org.springframework.web.servlet.view.JstlView"/>
        <property name="suffix" value=".jsp"/>
    </bean>
  <bean id="xmlViewResolver" class="org.springframework.web.servlet.view.XmlViewResolver">
	   <property name="location">
	       <value>/WEB-INF/spring-excel-views.xml</value>
	   </property>
	   <property name="order" value="0" />
    </bean>
    <bean id="tilesConfigurer" class="org.springframework.web.servlet.view.tiles3.TilesConfigurer">
        <property name="definitions">
            <list>
                <value>/WEB-INF/tiles.xml</value>
            </list>
        </property>
    </bean>
    <bean id="tilesviewResolver" class="org.springframework.web.servlet.view.tiles3.TilesViewResolver" p:order="0"/>
    
    <context:component-scan base-package="au.gov.doha.pcehr.recovery.audit">
      <context:include-filter type="aspectj" expression="au.gov.doha.pcehr.recovery.audit.AuditAdvice" />
    </context:component-scan>
    <bean class="org.springframework.web.servlet.mvc.annotation.AnnotationMethodHandlerAdapter">
        <property name="cacheSeconds" value="0" />
    </bean>
    <!--============  Operation Workaround  ===============-->
    <mvc:view-controller path="/PnaActiveInactive" view-name="NIO/PnaActiveInactive" />
   
   <mvc:view-controller path="/DeleteDocument" view-name="NIO/DeleteDocument" />
   <mvc:view-controller path="/DeleteDocumentGetDocumentList" view-name="NIO/DeleteDocumentGetDocumentList" />
   <mvc:view-controller path="/DeleteDocumentGetDocumentListBack" view-name="NIO/DeleteDocumentGetDocumentListBack" />
   <mvc:view-controller path="/GetDocumentListGetAssociationList" view-name="NIO/GetDocumentListGetAssociationList" />
   <mvc:view-controller path="/GetDocumentListGetAssociationListDeleteDocument" view-name="NIO/GetDocumentListGetAssociationListDeleteDocument" />
    <!--<mvc:view-controller path="/DocumentDetailsRe-Synchronisation" view-name="NIO/DocumentDetailsRe-Synchronisation" />-->
    <mvc:view-controller path="/DownloadSampleFile" view-name="/NIO/DownloadSampleFile" />
    <mvc:view-controller path="/DocAccessLevelRecoveryResponse" view-name="/NIO/DocAccessLevelRecoveryResponse" />
    
    <!--<mvc:view-controller path="/SuspendRepresentativesList" view-name="/NIO/SuspendRepresentativesList" />-->
    <mvc:view-controller path="/ReactivateAuthorizedRepresentatives" view-name="/NIO/ReactivateAuthorizedRepresentatives" />
    <!--<mvc:view-controller path="/ReactivateAuthorizedRepresentativesScript" view-name="/NIO/ReactivateAuthorizedRepresentativesScript" />-->
    
    <mvc:view-controller path="/IHIDetailsSynchronisation" view-name="/NIO/IHIDetailsSynchronisation" /> 
    <mvc:view-controller path="/IHIDetailsSynchronisationSingleIHIMain" view-name="/NIO/IHIDetailsSynchronisationSingleIHIMain" /> 
    <mvc:view-controller path="/IHIDetailsSynchronisationBulkIHIMain" view-name="/NIO/IHIDetailsSynchronisationBulkIHIMain" /> 
    <mvc:view-controller path="/IHIDetailsSynchronisationSingleResponse" view-name="/NIO/IHIDetailsSynchronisationSingleResponse" /> 
    
     <mvc:view-controller path="/DocAccessLevelRecoveryResponse" view-name="/NIO/DocAccessLevelRecoveryResponse" />
     
     
      
     <mvc:view-controller path="/IdentityRemovalSR" view-name="/NIO/IdentityRemovalSR" />
     <mvc:view-controller path="/IdentityRemovalSRFailure" view-name="/NIO/IdentityRemovalSRFailure" />
     <mvc:view-controller path="/IdentityRemovalSRSuccessChildRecord" view-name="/NIO/IdentityRemovalSRSuccessChildRecord" />
     <mvc:view-controller path="/IdentityRemovalSRSuccessIdentityRecord" view-name="/NIO/IdentityRemovalSRSuccessIdentityRecord" />
     <mvc:view-controller path="/IdentityRemovalSRSuccessIdentity" view-name="/NIO/IdentityRemovalSRSuccessIdentity" />
     <mvc:view-controller path="/IdentityRemovalSRSuccess" view-name="/NIO/IdentityRemovalSRSuccess" />
     <mvc:view-controller path="/IdentityRemovalSRDisplayChildIdentityUser" view-name="/NIO/IdentityRemovalSRDisplayChildIdentityUser" />
     <mvc:view-controller path="/IdentityRemovalSRDisplayIdentityRecordUser" view-name="/NIO/IdentityRemovalSRDisplayIdentityRecordUser" />
     <mvc:view-controller path="/IdentityRemovalSRDisplayIdentityUser" view-name="/NIO/IdentityRemovalSRDisplayIdentityUser" />
     <mvc:view-controller path="/IdentityRemovalSRDisplayRecordUser" view-name="/NIO/IdentityRemovalSRDisplayRecordUser" />

   
    <!--============  Reconciliation Operations  ===============-->
     <mvc:view-controller path="/ConsumerRegistrationMain" view-name="/NIO/ConsumerRegistrationMain" />
     <mvc:view-controller path="/ConsumerRegistration" view-name="/NIO/ConsumerRegistration" />
     <mvc:view-controller path="/ConsumerRegistraionScript" view-name="/NIO/ConsumerRegistraionScript" />
     <mvc:view-controller path="/ConsumerRegistrationOID" view-name="/NIO/ConsumerRegistrationOID" />
     <mvc:view-controller path="/ConsumerRegistrationOIDScript" view-name="/NIO/ConsumerRegistrationOIDScript" />
     
     <mvc:view-controller path="/NotificationReconciliationMain" view-name="/NIO/NotificationReconciliationMain" />
     <mvc:view-controller path="/NotificationReconFailedList" view-name="/NIO/NotificationReconFailedList" />
     <mvc:view-controller path="/ProviderRegistrationMain" view-name="/NIO/ProviderRegistrationMain" />
     <mvc:view-controller path="/ProviderRegistration" view-name="/NIO/ProviderRegistration" />
     <mvc:view-controller path="/ProviderRegistrationOID" view-name="/NIO/ProviderRegistrationOID" />
     <mvc:view-controller path="/ProviderRegistraionScript" view-name="/NIO/ProviderRegistraionScript" />
     <mvc:view-controller path="/ProviderRegistrationOIDScript" view-name="/NIO/ProviderRegistrationOIDScript" />
     
      <mvc:view-controller path="/ProviderOrganisationRegistrationMain" view-name="/NIO/ProviderOrganisationRegistrationMain" />
      <mvc:view-controller path="/ProviderOrganisationRegistration" view-name="/NIO/ProviderOrganisationRegistration" />
      <mvc:view-controller path="/ProviderOrganisationRegistraionScript" view-name="/NIO/ProviderOrganisationRegistraionScript" />
      <mvc:view-controller path="/ProviderOrganisationRegistrationVerification" view-name="/NIO/ProviderOrganisationRegistrationVerification" />
      <mvc:view-controller path="/ProviderOrganisationVerificationScript" view-name="/NIO/ProviderOrganisationVerificationScript" />
    
    <!--============  DLQ and CONFIG sumanta  ===============--> 
    <mvc:view-controller path="/ConfigureEndPoints" view-name="NIO/ConfigureEndPoints" />
   <mvc:view-controller path="/ConfigureEndPointsResponse" view-name="NIO/ConfigureEndPointsResponse" />
   <mvc:view-controller path="/MessageSearch" view-name="NIO/MessageSearch" />
   <mvc:view-controller path="/MessageView" view-name="NIO/MessageView" />
   <mvc:view-controller path="/MessageVerification" view-name="NIO/MessageVerification" />
   <mvc:view-controller path="/MessageReplay" view-name="NIO/MessageReplay" />
   <mvc:view-controller path="/popUp" view-name="NIO/popUp" />
   <mvc:view-controller path="/DLQConfigMain.action" view-name="NIO/DLQConfigMain" />
    <mvc:view-controller path="/QueueTypeAjax" view-name="NIO/QueueTypeAjax" /> 
   
   <bean id="validator" class="org.springframework.validation.beanvalidation.LocalValidatorFactoryBean" />
   
</beans>