<!DOCTYPE tiles-definitions PUBLIC  
        "-//Apache Software Foundation//DTD Tiles Configuration 3.0//EN"  
        "http://tiles.apache.org/dtds/tiles-config_3_0.dtd">  
<tiles-definitions>
    <definition name="LayoutHBM"  template="/layout/LayoutHBM.jsp">    
          <put-attribute name="title" value="NIO Tool | Login" />       
          <put-attribute name="header" value="/Header.jsp" />             
          <put-attribute name="menu" value="/welcome.jsp" />          
      </definition>
     
       <definition name="NIO/login"  template="/layout/LayoutHB.jsp">    
          <put-attribute name="title" value="NIO Tool | Login" />       
          <put-attribute name="header" value="/Header.jsp" />             
          <put-attribute name="body" value="/login.jsp" />          
      </definition>
      <definition name="NIO/OperationMenu"  template="/layout/LayoutHBM.jsp">    
          <put-attribute name="title" value="NIO Tool | Menu" />       
          <put-attribute name="header" value="/Header.jsp" />             
          <put-attribute name="menu" value="/welcome.jsp" />  
          <put-attribute name="body" value="" />          
      </definition>
      <!--<definition name="NIO/PnaActiveInactive"  extends="LayoutHBM">    
          <put-attribute name="title" value="NIO Tool | PnaActiveInactive" />       
          <put-attribute name="body" value="/PnaActiveInactive/PNA_Status.jsp" />          
      </definition>-->
      
      <definition name="NIO/PnaActiveInactive"  extends="LayoutHBM">    
          <put-attribute name="title" value="NIO Tool |  PNA Active Inactive" />       
          <put-attribute name="body" value="/PnaActiveInactive/PNA_Status.jsp" />          
      </definition>
      
      
      <definition name="NIO/ARRestrictions"  extends="LayoutHBM">    
          <put-attribute name="title" value="NIO Tool | ART Restriction" />       
          <put-attribute name="body" value="/AuthRepRestriction/ARRestrictionsmain.jsp" />          
      </definition>
      <!--   have to remove after migration in Spring   -->
      <definition name="NIO/ART/Login"  extends="LayoutHBM">                 
          <put-attribute name="title" value="NIO Tool | ART" />    
          <put-attribute name="body" value="/pages/index.jsp" />          
      </definition>
      
      <definition name="NIO/ART/ARTExtractionHome"  extends="LayoutHBM">                 
          <put-attribute name="title" value="NIO Tool | ART" />    
          <put-attribute name="body" value="/ARTExtraction/ARTExtractionSearch.jsp" />          
      </definition>
      <!--   have to remove after migration in Spring   -->
      <definition name="NIO/ART/SearchReasult"  extends="LayoutHBM">                 
          <put-attribute name="title" value="NIO Tool | ART" />    
          <put-attribute name="body" value="/pages/searchresult.jsp" />          
      </definition>
      
      <definition name="NIO/ART/ARTExtractionSearchReasult"  extends="LayoutHBM">                 
          <put-attribute name="title" value="NIO Tool | ART" />    
          <put-attribute name="body" value="/ARTExtraction/ARTExtractionSearchResult.jsp" />          
      </definition>
       <definition name="LayoutHSBM"  template="/layout/LayoutHSBM.jsp"> 
          <put-attribute name="title" value="NIO Tool | Login" />       
          <put-attribute name="header" value="/Header.jsp" />             
          <put-attribute name="menu" value="/welcome.jsp" />
      </definition>
      <definition name="NIO/ART/ARTDisplaydocument"  extends="LayoutHSBM">
        <put-attribute name="subBody" value="/ARTExtraction/ARTExtractionSearchResult.jsp" />
          <put-attribute name="title" value="NIO Tool | ART Search Result" />    
          <put-attribute name="body" value="/ARTExtraction/ARTExtractionSearch.jsp" />          
      </definition>
      <definition name="NIO/ART/displaydocument"  extends="LayoutHBM">                 
          <put-attribute name="title" value="NIO Tool | ART" />    
          <put-attribute name="body" value="/pages/displaydocument.jsp " />          
      </definition>
     
    
      <definition name="NIO/DocumentDetailsRe-Synchronisation"  extends="LayoutHBM">    
          <put-attribute name="title" value="NIO Tool | Document Details Re-Synchronisation" />       
          <put-attribute name="body" value="/DocAccessLevelReSync/DocAccessLevelReSyncMain.jsp" />               
      </definition>
      
      
       <definition name="NIO/DocAccessLevelRecoveryResponse"  extends="LayoutHBM">    
          <put-attribute name="title" value="NIO Tool | Document Details Re-Synchronisation" />       
          <put-attribute name="body" value="/DocAccessLevelReSync/DocAccessLevelRecoveryResponse.jsp" />               
      </definition>
      
       <definition name="/NIO/DownloadSampleFile"  extends="LayoutHBM">    
          <put-attribute name="title" value="NIO Tool | Document Details Re-Synchronisation" />       
          <put-attribute name="body" value="/DocAccessLevelReSync/DownloadFile.jsp" />               
      </definition>
      <definition name="/NIO/DocAccessLevelRecoveryResponse"  extends="LayoutHSBM">    
          <put-attribute name="title" value="NIO Tool | Document Details Re-Synchronisation" />       
          <put-attribute name="body" value="/DocAccessLevelReSync/DocAccessLevelReSyncMain.jsp" />               
          <put-attribute name="subBody" value="/DocAccessLevelReSync/DocumentReSyncResp.jsp" />     
      </definition>
      
      <definition name="/NIO/DocumentRemoval"  extends="LayoutHBM">    
          <put-attribute name="title" value="NIO Tool | Remove and Re-instate Document" />       
          <put-attribute name="body" value="/DocumentRemoval/RemoveDocument.jsp" />               
      </definition>
      
      <definition name="/NIO/ReactivateAuthorizedRepresentatives"  extends="LayoutHBM">    
          <put-attribute name="title" value="NIO Tool | Reactivate AuthorizedRepresentatives" />       
          <put-attribute name="body" value="/ReactivateAuthorizedRep/ReactivateAuthorizedRepresentativesMain.jsp" /> 
      </definition>
      <definition name="/NIO/ReactivateAuthorizedRepresentativesCtrl-New"  extends="LayoutHBM">    
          <put-attribute name="title" value="NIO Tool | Reactivate AuthorizedRepresentatives" />       
          <put-attribute name="body" value="/ReactivateAuthorizedRep/ReactivateAuthorizedRepresentativesMain_New.jsp" /> 
      </definition>
      <definition name="/NIO/ReactivateAuthorizedRepresentativesScript"  extends="LayoutHBM">    
          <put-attribute name="title" value="NIO Tool | Reactivate AuthorizedRepresentatives" />       
          <put-attribute name="body" value="/ReactivateAuthorizedRep/ReactivateAuthorizedRepresentativesScript.jsp" />               
      </definition>
      <!--<definition name="/NIO/IHIDetailsSynchronisation"  extends="LayoutHBM">    
          <put-attribute name="title" value="NIO Tool | IHI Synchronisation" />       
          <put-attribute name="body" value="/SynchroniseIHI/SynchroniseIHIMain.jsp" />               
      </definition>
       <definition name="/NIO/IHIDetailsSynchronisationSingleIHIMain"  extends="LayoutHBM">    
          <put-attribute name="title" value="NIO Tool | IHI Synchronisation - Single" />       
          <put-attribute name="body" value="/SynchroniseIHI/SynchroniseSingleIHIMain.jsp" />               
      </definition>
      <definition name="/NIO/IHIDetailsSynchronisationBulkIHIMain"  extends="LayoutHBM">    
          <put-attribute name="title" value="NIO Tool | IHI Synchronisation - Bulk" />       
          <put-attribute name="body" value="/SynchroniseIHI/SynchroniseBulkIHIMain.jsp" />               
      </definition>
      <definition name="/NIO/IHIDetailsSynchronisationSingleResponse"  extends="LayoutHBM">    
          <put-attribute name="title" value="NIO Tool | Single Response" />       
          <put-attribute name="body" value="/SynchroniseIHI/SynchroniseSingleIHIResponse.jsp" />               
      </definition>-->
      
      <definition name="NIO/IHIDetailsSynchronization"  extends="LayoutHBM">    
          <put-attribute name="title" value="NIO Tool | IHI Synchronisation" />       
          <put-attribute name="body" value="/IHISynchronization/IHISynchronize.jsp" />               
      </definition>
       <definition name="NIO/IHIDetailsSynchronizationSingleIHI"  extends="LayoutHSBM">    
          <put-attribute name="title" value="NIO Tool | IHI Synchronisation - Single" />  
          <put-attribute name="body" value="/IHISynchronization/IHISynchronize.jsp" />
          <put-attribute name="subBody" value="/IHISynchronization/SingleIHISynchronize.jsp" />               
      </definition>
      <definition name="NIO/IHIDetailsSynchronizationBulkIHI"  extends="LayoutHSBM">    
          <put-attribute name="title" value="NIO Tool | IHI Synchronisation - Bulk" />   
          <put-attribute name="body" value="/IHISynchronization/IHISynchronize.jsp" />
          <put-attribute name="subBody" value="/IHISynchronization/SynchroniseBulkIHI.jsp" />               
      </definition>
      <definition name="NIO/IHIDetailsSynchronizationSingleResponse"  extends="LayoutHSBM">    
          <put-attribute name="title" value="NIO Tool | Single Response" />       
          <put-attribute name="body" value="/IHISynchronization/IHISynchronize.jsp" />
          <put-attribute name="subBody" value="/IHISynchronization/SynchronizeSingleIHIResponse.jsp" />               
      </definition>

      <definition name="/NIO/EmergencyAccessExpiry"  extends="LayoutHBM">    
          <put-attribute name="title" value="NIO Tool | Emergency Access" />       
          <put-attribute name="body" value="/EmergencyAccess/EmergencyAccessMain.jsp" />               
      </definition>
      <definition name="/NIO/EmergencyAccessScript"  extends="LayoutHBM">    
          <put-attribute name="title" value="NIO Tool | Emergency Access Script" />       
          <put-attribute name="body" value="/EmergencyAccess/EmergencyAccessScript.jsp" />               
      </definition>
      <definition name="/NIO/EmergencyAccessExpiryList" extends="LayoutHSBM"> 
        <put-attribute name="title" value="NIO Tool | Emergency Access Expiry List" /> 
        <put-attribute name="body" value="/EmergencyAccess/EmergencyAccessMain.jsp" /> 
        <put-attribute name="subBody" value="/EmergencyAccess/EmergencyAccessExpiryList.jsp" /> 
     </definition> 
      
      <definition name="NIO/DisableReEnableEntities"  extends="LayoutHBM">    
          <put-attribute name="title" value="NIO Tool | Disable Enable Entities" />       
          <put-attribute name="body" value="/DisableEnableEntities/DisableEnableEntitiesLanding.jsp" />               
      </definition>
      <!--Remove this defination before deployment-->
      <definition name="/NIO/CleanRecord"  extends="LayoutHBM">    
          <put-attribute name="title" value="NIO Tool | Clean Record" />       
          <put-attribute name="body" value="/CleanRecord/CleanRecord.jsp" />               
      </definition>
      <definition name="/NIO/CleanRecordHome"  extends="LayoutHBM">    
          <put-attribute name="title" value="NIO Tool | Clean Record" />       
          <put-attribute name="body" value="/CleanRecord/CleanRecord.jsp" />               
      </definition>
      <definition name="/NIO/DocumentList"  extends="LayoutHBM">    
          <put-attribute name="title" value="NIO Tool | Clean Record Document List" />       
          <put-attribute name="body" value="/CleanRecord/DocumentIDList.jsp" />               
      </definition>
      <definition name="/NIO/CleanIndividualProfile"  extends="LayoutHBM">    
          <put-attribute name="title" value="NIO Tool | Clean Individual Profile" />       
          <put-attribute name="body" value="/CleanRecord/CleanIndividualProfile.jsp" />               
      </definition>
      
      <!-- Pavan  - Audit Entry Missing -->
      <definition name="/NIO/AuditEntryMissing"  extends="LayoutHBM">    
          <put-attribute name="title" value="NIO Tool | AuditEntry Missing" />       
          <put-attribute name="body" value="/AuditEntryMissing/AuditEntryMissing.jsp" />               
      </definition>
      
      <!--<definition name="/NIO/IdentityRemovalSR"  extends="LayoutHBM">    
          <put-attribute name="title" value="NIO Tool | Identity Removal SR" />       
          <put-attribute name="body" value="/IdentityRemovalSR/IdentityRemovalMain.jsp" />           
      </definition>-->
      <!--===========================================================================================-->
      <definition name="NIO/IdentityRemovalNew"  extends="LayoutHBM">    
          <put-attribute name="title" value="NIO Tool | Record and Identity Removal" />       
          <put-attribute name="body" value="/IdentityRemovalNew/IdentityRecordRemoval.jsp" />          
      </definition>
      <definition name="NIO/DisplayRecord"  extends="LayoutHSBM">    
          <put-attribute name="title" value="NIO Tool | Record and Identity Removal" />      
          <put-attribute name="body" value="/IdentityRemovalNew/IdentityRecordRemoval.jsp" />  
          <put-attribute name="subBody" value="/IdentityRemovalNew/DisplayRecord.jsp" /> 
      </definition>
      <definition name="NIO/DeleteSuccess"  extends="LayoutHSBM">    
          <put-attribute name="title" value="NIO Tool | Record and Identity Removal" />      
          <put-attribute name="body" value="/IdentityRemovalNew/IdentityRecordRemoval.jsp" />  
          <put-attribute name="subBody" value="/IdentityRemovalNew/DeleteSuccess.jsp" /> 
      </definition>
      <!--<definition name="/NIO/IdentityRemovalSRDisplayRecordUser"  extends="LayoutHBM">    
          <put-attribute name="title" value="NIO Tool | Identity Removal SR" />       
          <put-attribute name="body" value="/IdentityRemovalSR/DisplayRecordUser.jsp" />           
      </definition>
      <definition name="/NIO/IdentityRemovalSRDisplayIdentityUser"  extends="LayoutHBM">    
          <put-attribute name="title" value="NIO Tool | Identity Removal SR" />       
          <put-attribute name="body" value="/IdentityRemovalSR/DisplayIdentityUser.jsp" />           
      </definition>
      <definition name="/NIO/IdentityRemovalSRDisplayIdentityRecordUser"  extends="LayoutHBM">    
          <put-attribute name="title" value="NIO Tool | Identity Removal SR" />       
          <put-attribute name="body" value="/IdentityRemovalSR/DisplayIdentityRecordUser.jsp" />           
      </definition>
      <definition name="/NIO/IdentityRemovalSRDisplayChildIdentityUser"  extends="LayoutHBM">    
          <put-attribute name="title" value="NIO Tool | Identity Removal SR" />       
          <put-attribute name="body" value="/IdentityRemovalSR/DisplayChildIdentityUser.jsp" />           
      </definition>
      <definition name="/NIO/IdentityRemovalSRSuccess"  extends="LayoutHBM">    
          <put-attribute name="title" value="NIO Tool | Identity Removal SR" />       
          <put-attribute name="body" value="/IdentityRemovalSR/Success.jsp" />           
      </definition>
      <definition name="/NIO/IdentityRemovalSRSuccessIdentity"  extends="LayoutHBM">    
          <put-attribute name="title" value="NIO Tool | Identity Removal SR" />       
          <put-attribute name="body" value="/IdentityRemovalSR/SuccessIdentity.jsp" />           
      </definition>
      <definition name="/NIO/IdentityRemovalSRSuccessIdentityRecord"  extends="LayoutHBM">    
          <put-attribute name="title" value="NIO Tool | Identity Removal SR" />       
          <put-attribute name="body" value="/IdentityRemovalSR/SuccessIdentityRecord.jsp" />           
      </definition>
      <definition name="/NIO/IdentityRemovalSRSuccessChildRecord"  extends="LayoutHBM">    
          <put-attribute name="title" value="NIO Tool | Identity Removal SR" />       
          <put-attribute name="body" value="/IdentityRemovalSR/SuccessChildRecord.jsp" />           
      </definition>
      <definition name="/NIO/IdentityRemovalSRFailure"  extends="LayoutHBM">    
          <put-attribute name="title" value="NIO Tool | Identity Removal SR" />       
          <put-attribute name="body" value="/IdentityRemovalSR/Failure.jsp" />           
      </definition>-->
      
<!--============  Operation Recovery  ===============-->      
      <definition name="/NIO/UploadDocumentPreRequisites"  extends="LayoutHBM">    
          <put-attribute name="title" value="NIO Tool | Upload Document PreRequisites" />       
          <put-attribute name="body" value="/UploadDocument/UploadDocumentPreRequisites.jsp" />           
      </definition>
      <definition name="/NIO/UploadDocumentRetrieveTransactionList"  extends="LayoutHBM">    
          <put-attribute name="title" value="NIO Tool | Unremove Document PreRequisites" />       
          <put-attribute name="body" value="/UploadDocument/UploadDocumentRetrieveTransactionList.jsp" />           
      </definition>
      <definition name="/NIO/UploadDocumentAmendmentPreRequisites"  extends="LayoutHBM">    
          <put-attribute name="title" value="NIO Tool | Upload Document PreRequisites" />       
          <put-attribute name="body" value="/UploadDocumentAmendment/UploadDocumentAmendmentPreRequisites.jsp" />           
      </definition>
      <definition name="/NIO/UploadDocumentAmendmentRetrieveTransactionList"  extends="LayoutHBM">    
          <put-attribute name="title" value="NIO Tool | Upload Document PreRequisites" />       
          <put-attribute name="body" value="/UploadDocumentAmendment/UploadDocumentAmendmentRetrieveTransactionList.jsp" />           
      </definition>
      <definition name="/NIO/UploadDocumentMessage"  extends="LayoutHBM">    
          <put-attribute name="title" value="NIO Tool | Upload Document PreRequisites" />       
          <put-attribute name="body" value="/UploadDocumentDeprAmendment/Message.jsp" />           
      </definition>
      
      
                <!--=======      Remove Document Recovery  =======-->
      <definition name="/NIO/RemoveDocumentPreRequisites"  extends="LayoutHBM">    
          <put-attribute name="title" value="NIO Tool | Remove Document PreRequisites" />       
          <put-attribute name="body" value="/RemoveDocument/RemoveDocumentPreRequisites.jsp" />           
      </definition>
      <definition name="/NIO/RemoveDocumentRetrieveTransactionList"  extends="LayoutHBM">    
          <put-attribute name="title" value="NIO Tool | Remove Document PreRequisites" />       
          <put-attribute name="body" value="/RemoveDocument/RemoveDocumentRetrieveTransactionList.jsp" />           
      </definition>
      
      <definition name="/NIO/RemoveDocumentRecoveryScript"  extends="LayoutHBM">    
          <put-attribute name="title" value="NIO Tool | Remove Document Recovery Script" />       
          <put-attribute name="body" value="/RemoveDocument/RemoveDocumentRecoveryScript.jsp" />           
      </definition>
      <definition name="/NIO/UnremoveDocumentPreRequisites"  extends="LayoutHBM">    
          <put-attribute name="title" value="NIO Tool | Unremove Document PreRequisites" />       
          <put-attribute name="body" value="/UnremoveDocument/UnremoveDocumentPreRequisites.jsp" />           
      </definition>
      <definition name="/NIO/UnremoveDocumentRetrieveTransactionList"  extends="LayoutHBM">    
          <put-attribute name="title" value="NIO Tool | Unremove Document PreRequisites" />       
          <put-attribute name="body" value="/UnremoveDocument/UnremoveDocumentRetrieveTransactionList.jsp" />           
      </definition>
      <definition name="/NIO/UploadDocumentRetrieveTransactionList"  extends="LayoutHBM">    
          <put-attribute name="title" value="NIO Tool | Unremove Document PreRequisites" />       
          <put-attribute name="body" value="/UploadDocument/UploadDocumentRetrieveTransactionList.jsp" />           
      </definition>
       <definition name="/NIO/UploadDocumentRecoveryScript"  extends="LayoutHBM">    
          <put-attribute name="title" value="NIO Tool | Upload Document Recovery Script" />       
          <put-attribute name="body" value="/UploadDocument/UploadDocumentRecoveryScript.jsp" />           
      </definition>
      
       <definition name="/NIO/UnremoveDocumentRecoveryScript"  extends="LayoutHBM">    
          <put-attribute name="title" value="NIO Tool | UnremoveDocumentRecoveryScript PreRequisites" />       
          <put-attribute name="body" value="/UnremoveDocument/UnremoveDocumentRecoveryScript.jsp"/>  
          
      </definition>
       <definition name="/NIO/UnremoveDocumentRecoveryResponse"  extends="LayoutHBM">    
          <put-attribute name="title" value="NIO Tool | UnremoveDocumentRecoveryResponse PreRequisites" />       
          <put-attribute name="body" value="/UnremoveDocument/UnremoveDocumentRecoveryResponse.jsp"/>  
          
      </definition>
        <definition name="/NIO/UploadDocumentAmendmentRecoveryScript"  extends="LayoutHBM">    
          <put-attribute name="title" value="NIO Tool | UnremoveDocumentRecoveryScript PreRequisites" />       
          <put-attribute name="body" value="/UploadDocumentAmendment/UploadDocumentAmendmentRecoveryScript.jsp"/>  
      </definition>
       <definition name="/NIO/UploadDocumentAmendmentRecoveryResponse"  extends="LayoutHBM">    
          <put-attribute name="title" value="NIO Tool | UnremoveDocumentRecoveryResponse PreRequisites" />       
          <put-attribute name="body" value="/UploadDocumentAmendment/UploadDocumentAmendmentRecoveryResponse.jsp"/>  
      </definition>
      <!--============  Reconciliation  ===============-->     
          <!--<definition name="/NIO/ConsumerRegistration"  extends="LayoutHBM">            
          <put-attribute name="title" value="NIO Tool | Consumer Registration" />       
          <put-attribute name="body" value="/ConsumerRegistration/ConsumerRegistration.jsp" />          
      </definition>
      <definition name="/NIO/ConsumerRegistraionScript"  extends="LayoutHBM">            
          <put-attribute name="title" value="NIO Tool | Consumer Registration" />       
          <put-attribute name="body" value="/ConsumerRegistration/ConsumerRegistraionScript.jsp" />          
      </definition>-->
      
      <!--============ MIG Consumer Registration Start ===============-->   
      
      
      <definition name="/NIO/ConsumerRegistrationLandingPage"  extends="LayoutHBM">            
          <put-attribute name="title" value="NIO Tool | Consumer Registration " />       
          <put-attribute name="body" value="/ConsumerRegistration/ConsumerRegistration.jsp" />          
      </definition>
      
      <definition name="/NIO/ConsumerRegistrationList" extends="LayoutHSBM"> 
        <put-attribute name="title" value="NIO Tool | Consumer Registration List" /> 
        <put-attribute name="body" value="/ConsumerRegistration/ConsumerRegistration.jsp" /> 
        <put-attribute name="subBody" value="/ConsumerRegistration/ConsumerRegistrationScript.jsp" /> 
     </definition>     
     
      
      <definition name="/NIO/ConsumerRegistrationOID"  extends="LayoutHBM">            
          <put-attribute name="title" value="NIO Tool | Consumer Registration OID " />       
          <put-attribute name="body" value="/ConsumerRegistration/ConsumerRegistrationOID.jsp" />          
      </definition>
      
      <definition name="/NIO/ConsumerRegistrationOIDList" extends="LayoutHSBM"> 
        <put-attribute name="title" value="NIO Tool | Consumer Registration OID List" /> 
        <put-attribute name="body" value="/ConsumerRegistration/ConsumerRegistrationOID.jsp" /> 
        <put-attribute name="subBody" value="/ConsumerRegistration/ConsumerRegistrationOIDScript.jsp" /> 
     </definition>     
     
                   <!--============  Consumer Registration End ===============-->     
      
            <!--============  Provider Registration MIG Start ===============-->  
          <definition name="/NIO/ProviderRegistration"  extends="LayoutHBM">            
          <put-attribute name="title" value="NIO Tool | Provider Registration " />       
          <put-attribute name="body" value="/ProviderRegistration/ProviderRegistrationMain.jsp" />          
      </definition>
      
      <definition name="/NIO/ProviderRegistrationList" extends="LayoutHSBM"> 
        <put-attribute name="title" value="NIO Tool | Provider Registration List" /> 
        <put-attribute name="body" value="/ProviderRegistration/ProviderRegistrationMain.jsp" /> 
        <put-attribute name="subBody" value="/ProviderRegistration/ProviderRegistrationScript.jsp" /> 
     </definition>  
    
         <definition name="/NIO/ProviderRegistrationOID"  extends="LayoutHBM">            
          <put-attribute name="title" value="NIO Tool | Provider Registration OID" />       
          <put-attribute name="body" value="/ProviderRegistration/ProviderRegistrationOID.jsp" />          
      </definition>
      
      <definition name="/NIO/ProviderRegistrationOIDList" extends="LayoutHSBM"> 
        <put-attribute name="title" value="NIO Tool | Provider Registration OID List" /> 
        <put-attribute name="body" value="/ProviderRegistration/ProviderRegistrationOID.jsp" /> 
        <put-attribute name="subBody" value="/ProviderRegistration/ProviderRegistrationOIDScript.jsp" /> 
     </definition>
         
         <!--============  Provider Registration MIG END ===============-->  
         
      
      <!--<definition name="/NIO/ProviderOrganisationRegistrationMain"  extends="LayoutHBM">            
          <put-attribute name="title" value="NIO Tool | Provider Organisation RegistrationMain" />       
          <put-attribute name="body" value="/ProviderOrganisationRegistration/ProviderOrganisationRegistrationMain.jsp" />          
      </definition>
       <definition name="/NIO/ProviderOrganisationRegistration"  extends="LayoutHBM">            
          <put-attribute name="title" value="NIO Tool | Provider Organisation RegistrationMain" />       
          <put-attribute name="body" value="/ProviderOrganisationRegistration/ProviderOrganisationRegistration.jsp" />          
      </definition>
      <definition name="/NIO/ProviderOrganisationRegistraionScript"  extends="LayoutHBM">            
          <put-attribute name="title" value="NIO Tool | Provider Organisation RegistrationMain" />       
          <put-attribute name="body" value="/ProviderOrganisationRegistration/ProviderOrganisationRegistraionScript.jsp" />          
      </definition>
      
       <definition name="/NIO/ProviderOrganisationRegistrationVerification"  extends="LayoutHBM">            
          <put-attribute name="title" value="NIO Tool | Provider Organisation RegistrationMain" />       
          <put-attribute name="body" value="/ProviderOrganisationRegistration/ProviderOrganisationRegistrationVerification.jsp" />          
      </definition>
      <definition name="/NIO/ProviderOrganisationVerificationScript"  extends="LayoutHBM">            
          <put-attribute name="title" value="NIO Tool | Provider Organisation RegistrationMain" />       
          <put-attribute name="body" value="/ProviderOrganisationRegistration/ProviderOrganisationVerificationScript.jsp" />          
      </definition>-->
      
      <!--============  Provider Org Registration MIG Start ===============-->  
      
      <definition name="/NIO/ProviderOrganisationRegistration"  extends="LayoutHBM">            
          <put-attribute name="title" value="NIO Tool | Provider Organisation RegistrationMain" />       
          <put-attribute name="body" value="/ProviderOrganisationRegistration/ProviderOrganisationRegistrationMain.jsp" />          
      </definition>
      
         <definition name="/NIO/ProviderOrganisationRegistrationList" extends="LayoutHSBM"> 
        <put-attribute name="title" value="NIO Tool | Provider Registration List" /> 
        <put-attribute name="body" value="/ProviderOrganisationRegistration/ProviderOrganisationRegistrationMain.jsp" /> 
        <put-attribute name="subBody" value="/ProviderOrganisationRegistration/ProviderOrganisationRegistrationScript.jsp" /> 
     </definition>  
      
       <definition name="/NIO/ProviderOrganisationVerification"  extends="LayoutHBM">            
          <put-attribute name="title" value="NIO Tool | Provider Organisation Verification Main" />       
          <put-attribute name="body" value="/ProviderOrganisationRegistration/ProviderOrganisationVerificationMain.jsp" />          
      </definition>
      
         <definition name="/NIO/ProviderOrganisationVerificationList" extends="LayoutHSBM"> 
        <put-attribute name="title" value="NIO Tool | Provider Verification List" /> 
        <put-attribute name="body" value="/ProviderOrganisationRegistration/ProviderOrganisationVerificationMain.jsp" /> 
        <put-attribute name="subBody" value="/ProviderOrganisationRegistration/ProviderOrganisationVerificationScript.jsp" /> 
     </definition> 
      
      <!--============  Provider Org Registration MIG END ===============-->  
      
      <!--============  DLQ and CONFIG sumanta  ===============-->     
      
      <definition name="NIO/ConfigureEndPointsHome"  extends="LayoutHBM">            
            <put-attribute name="title" value="NIO Tool | Configure EndPoints" />
          <put-attribute name="body" value="/ConfigureEndPoint/ConfigureEndPoints.jsp" />          
      </definition>
      
       <definition name="NIO/QueueTypeAjax" extends="LayoutHBM"> 
        <put-attribute name="title" value="NIO Tool | QueueType Ajax" />
        <put-attribute name="body" value="/DLQConfiguration/QueueTypeAjax.jsp" /> 
        </definition>
        
        <definition name="NIO/DLQConfigMain" extends="LayoutHBM"> 
         <put-attribute name="title" value="NIO Tool | DLQ Config Main" />
        <put-attribute name="body" value="/DLQConfiguration/DLQConfigMain.jsp" /> 

        </definition>
        <!--DLQ Landing Page-->
        <definition name="NIO/DLQToolLanding" extends="LayoutHBM"> 
         <put-attribute name="title" value="NIO Tool | DLQ Replay" />
        <put-attribute name="body" value="/DLQReplayTool/DLQToolLanding.jsp" />
        </definition>
        
        <!--DLQ Message Replay Page-->
        <definition name="NIO/DLQMessageView"  extends="LayoutHSBM">
        <put-attribute name="subBody" value="/DLQReplayTool/DLQMessageView.jsp" />
          <put-attribute name="title" value="NIO Tool | DLQ Message View" />
          <put-attribute name="body" value="/DLQReplayTool/DLQToolLanding.jsp" />          
      </definition>
      
      <!--DLQ Message Verification Page-->
        <definition name="NIO/DLQMessageVerificationPage"  extends="LayoutHBM">
          <put-attribute name="title" value="NIO Tool | DLQ Message View" />
          <put-attribute name="body" value="/DLQReplayTool/DLQMessageVerification.jsp" />          
      </definition>
      
      <!--DLQ Message Replay Page-->
        <definition name="NIO/DLQMessageReplayPage"  extends="LayoutHBM">
          <put-attribute name="title" value="NIO Tool | DLQ Message View" />
          <put-attribute name="body" value="/DLQReplayTool/DLQMessageReplay.jsp" />          
      </definition>
      
      <!--DLQ Message Replay Page-->
        <definition name="NIO/DLQMessageReplayPopUp"  template="/layout/LayoutHB.jsp">
          <put-attribute name="header" value="/Header.jsp" />
          <put-attribute name="title" value="NIO Tool | DLQ DB Detail" />
          <put-attribute name="body" value="/DLQReplayTool/DLQMessageReplayPopUp.jsp" />          
      </definition>
        <!-- DLQ Config Over -->
        
        <definition name="/NIO/fileUploadForm"  extends="LayoutHBM">            
          <put-attribute name="title" value="NIO Tool | File Upload" />
          <put-attribute name="body" value="/FileUpload/fileUploadForm.jsp" />          
        </definition>
        
        <!--For application exceptions-->
        <definition name="NIO/Exception"  extends="LayoutHBM">    
          <put-attribute name="title" value="Exception Page" />       
          <put-attribute name="body" value="/Exception.jsp" />          
        </definition>  
     <!-- SUmanta - Document Transformation-->
    <definition name="/NIO/DocumentTransformationMain" extends="LayoutHBM"> 
            <put-attribute name="title" value="NIO Tool | DocumentTransformation" /> 
            <put-attribute name="body" value="/DocumentTransformation/DocumentTransformationMain.jsp" /> 
    </definition> 
 <definition name="NIO/IdentityRemovalNew"  extends="LayoutHBM">    
          <put-attribute name="title" value="NIO Tool | Record and Identity Removal" />       
          <put-attribute name="body" value="/IdentityRemovalNew/IdentityRecordRemoval.jsp" />          
      </definition>
<definition name="NIO/DisplayRecord"  extends="LayoutHSBM">    
          <put-attribute name="title" value="NIO Tool | Record and Identity Removal" />      
          <put-attribute name="body" value="/IdentityRemovalNew/IdentityRecordRemoval.jsp" />  
          <put-attribute name="subBody" value="/IdentityRemovalNew/DisplayRecord.jsp" /> 
      </definition>
      <definition name="NIO/DeleteSuccess"  extends="LayoutHSBM">    
          <put-attribute name="title" value="NIO Tool | Record and Identity Removal" />      
          <put-attribute name="body" value="/IdentityRemovalNew/IdentityRecordRemoval.jsp" />  
          <put-attribute name="subBody" value="/IdentityRemovalNew/DeleteSuccess.jsp" /> 
      </definition>
      
      <!--  Testing In Prod  -->
      <definition name="NIO/TestingInProdLanding"  extends="LayoutHBM">    
          <put-attribute name="title" value="NIO Tool | Testing In Production" />       
          <put-attribute name="body" value="/TestingInProduction/TestingInProdLanding.jsp" />          
      </definition>
        <!-- Bulk Registration Tool - START--> 
       <definition name="/NIO/BulkRegistration"  extends="LayoutHBM">    
          <put-attribute name="title" value="NIO Tool | Bulk Registration Tool" />       
          <put-attribute name="body" value="/BulkRegistration/BulkRegistration.jsp" />          
      </definition>
        <!-- Bulk Registration Tool - END--> 

	<definition name="/NIO/HealthRecordExtPage" extends="LayoutHBM"> 
            <put-attribute name="title" value="NIO Tool | Health Record View" /> 
            <put-attribute name="body" value="/HealthRecordExt/HealthRecordExt.jsp" /> 
    </definition> 
     <!-- Mobile Application Tool - START--> 
       <definition name="/NIO/MobileApplicationTool"  extends="LayoutHBM">    
          <put-attribute name="title" value="NIO Tool | Mobile Application Tool" />       
          <put-attribute name="body" value="/MobileApplicationTool/MobileApplicationTool.jsp" />          
      </definition>
</tiles-definitions>